message,popup_type,reload_type,_key
45,1,2,-1
45,1,2,0
,,,200
45,1,2,206
45,1,2,210
45,1,2,301
45,1,2,302
45,1,2,303
45,1,2,304
45,1,2,305
45,1,2,306
45,1,2,307
45,1,2,308
45,1,2,309
45,1,2,310
45,1,2,311
45,1,2,312
45,1,2,313
45,1,2,314
45,1,2,315
45,1,2,316
45,1,2,317
45,1,2,318
45,1,2,319
45,1,2,320
45,1,2,321
45,1,2,322
45,1,2,323
45,1,2,324
45,1,2,325
45,1,2,326
45,1,2,330
45,1,2,331
211,1,2,335
45,1,2,340
45,1,2,354
45,1,2,355
45,1,2,356
45,1,2,357
45,1,2,360
45,1,2,361
45,1,2,362
45,1,2,363
45,1,2,364
45,1,2,365
45,1,2,366
45,1,2,367
45,1,2,368
45,1,2,369
45,1,2,370
45,1,2,371
45,1,2,380
45,1,2,381
45,1,2,382
45,1,2,383
45,1,2,384
400,1,2,390
45,1,2,391
45,1,2,392
45,1,2,393
45,1,2,394
45,1,2,395
45,1,2,396
45,1,2,397
45,1,2,398
45,1,2,399
45,1,2,400
45,1,2,401
45,1,2,404
45,1,2,500
45,1,2,501
45,1,2,503
45,1,2,504
45,1,2,505
45,1,2,510
45,1,2,511
45,1,2,512
45,1,2,550
45,1,2,551
45,1,2,552
45,1,2,600
45,1,2,601
45,1,2,602
45,1,2,611
45,1,2,612
45,1,2,613
45,1,2,614
45,1,2,615
45,1,2,616
45,1,2,620
45,1,2,630
45,1,2,640
45,1,2,641
45,1,2,642
45,1,2,650
45,1,2,660
45,1,2,661
45,1,2,662
45,1,2,663
